{"name":"6daed727-93c5-4708-a01b-b31fa27db011","id":"/providers/Microsoft.Flow/flows/6daed727-93c5-4708-a01b-b31fa27db011","type":"Microsoft.Flow/flows","properties":{"apiId":"/providers/Microsoft.PowerApps/apis/shared_logicflows","displayName":"HTTPSTrigger Universal Pomodoro Focus time","definition":{"metadata":{"workflowEntityId":null,"flowclientsuspensionreason":"None","flowclientsuspensiontime":null,"creator":{"id":"91fce838-9a8a-4758-a68a-3fde9568f1b6","type":"User","tenantId":"d99c3e0a-5a04-4bda-95a1-da0c24b731ee"},"provisioningMethod":"FromDefinition","failureAlertSubscription":true,"clientLastModifiedTime":"2020-11-26T21:26:43.9820492Z"},"$schema":"https://schema.management.azure.com/providers/Microsoft.Logic/schemas/2016-06-01/workflowdefinition.json#","contentVersion":"1.0.0.0","parameters":{"$connections":{"defaultValue":{},"type":"Object"},"$authentication":{"defaultValue":{},"type":"SecureObject"}},"triggers":{"manual":{"type":"Request","kind":"Http","inputs":{"schema":{"type":"object","properties":{"Duration":{"type":"integer"},"Secret":{"type":"string"}},"$schema":"http://json-schema.org/draft-04/schema#"}}}},"actions":{"Get_calendars_(V2)":{"runAfter":{"Condition_5":["Succeeded"]},"type":"OpenApiConnection","inputs":{"host":{"apiId":"/providers/Microsoft.PowerApps/apis/shared_office365","connectionName":"shared_office365","operationId":"CalendarGetTables_V2"},"parameters":{},"authentication":"@parameters('$authentication')"}},"Apply_to_each":{"foreach":"@outputs('Get_calendars_(V2)')?['body/value']","actions":{"Compose":{"runAfter":{},"type":"Compose","inputs":"@items('Apply_to_each')"},"Condition":{"actions":{"Get_events_(V4)":{"runAfter":{},"type":"OpenApiConnection","inputs":{"host":{"apiId":"/providers/Microsoft.PowerApps/apis/shared_office365","connectionName":"shared_office365","operationId":"V4CalendarGetItems"},"parameters":{"table":"@items('Apply_to_each')?['id']","$filter":"showAs eq 'workingElsewhere' or importance eq 'low'","$orderby":"start/dateTime desc"},"authentication":"@parameters('$authentication')"},"description":"Getting all calendar events with importance low, ordered with the latest event first. A requirement is that you have enabled MyAnalytics at least once, to get the importance low, category green Focus time calendar event"},"Apply_to_each_4":{"foreach":"@outputs('Get_events_(V4)')?['body/value']","actions":{"Apply_to_each_5":{"foreach":"@items('Apply_to_each_4')?['categories']","actions":{"Condition_2":{"actions":{"Decrement_variable":{"runAfter":{},"type":"DecrementVariable","inputs":{"name":"CountOfRuns","value":1},"description":"Ticks the CountOfRuns variable to 0, since we are running the update event"},"Create_event_(V4)":{"runAfter":{"Decrement_variable":["Succeeded"]},"type":"OpenApiConnection","inputs":{"host":{"apiId":"/providers/Microsoft.PowerApps/apis/shared_office365","connectionName":"shared_office365","operationId":"V4CalendarPostItem"},"parameters":{"table":"@items('Apply_to_each')?['id']","item/subject":"Old @{items('Apply_to_each_4')?['subject']}","item/start":"@items('Apply_to_each_4')?['start']","item/end":"@items('Apply_to_each_4')?['end']","item/timeZone":"@items('Apply_to_each_4')?['timeZone']","item/importance":"normal","item/isReminderOn":false,"item/showAs":"busy"},"authentication":"@parameters('$authentication')"},"description":"Creates a new calendar event with same date and time as the event being replaced, with the name old as prefix. Reminder is turned off, showing as busy and setting importance to normal"},"Update_event_(V4)":{"runAfter":{"Create_event_(V4)":["Succeeded"]},"type":"OpenApiConnection","inputs":{"host":{"apiId":"/providers/Microsoft.PowerApps/apis/shared_office365","connectionName":"shared_office365","operationId":"V4CalendarPatchItem"},"parameters":{"table":"@items('Apply_to_each')?['id']","id":"@items('Apply_to_each_4')?['id']","item/subject":"@items('Apply_to_each_4')?['subject']","item/start":"@body('Current_time')","item/end":"@body('Get_future_time')","item/timeZone":"@items('Apply_to_each_4')?['timeZone']","item/importance":"low","item/isReminderOn":false,"item/showAs":"busy"},"authentication":"@parameters('$authentication')"},"description":"Updating the latest Focusing time calendar event, using dates from when the To Do task was created. Reminder is turned off so you do not get a calendar notification for the updated event"}},"runAfter":{},"expression":{"and":[{"equals":["@items('Apply_to_each_5')","Green Category"]},{"equals":["@variables('CountOfRuns')",1]}]},"type":"If","description":"Finding the first event which is importance low and category green, assuming you do not have other calendar events with these criteria. Also checking if we already have run the update event"}},"runAfter":{},"type":"Foreach"}},"runAfter":{"Get_events_(V4)":["Succeeded"]},"type":"Foreach"}},"runAfter":{"Compose":["Succeeded"]},"expression":{"and":[{"equals":["@outputs('Compose')['isRemovable']",false]},{"equals":["@variables('CountOfRuns')",1]}]},"type":"If","description":"Finds your primary calendar, it is the only calendar which cannot be removed. We check if we already have updated an event, which ticks down to 0 if run"}},"runAfter":{"CountOfRuns":["Succeeded"]},"type":"Foreach"},"CountOfRuns":{"runAfter":{"Get_future_time":["Succeeded"]},"type":"InitializeVariable","inputs":{"variables":[{"name":"CountOfRuns","type":"integer","value":1}]},"description":"When getting existing Focus time calendar events, we get all events. Keeping this value to 1 makes sure we only run the update event once"},"Current_time":{"runAfter":{"Get_calendars_(V2)":["Succeeded"]},"type":"Expression","kind":"CurrentTime","inputs":{}},"Condition_5":{"actions":{},"runAfter":{},"else":{"actions":{"Terminate_2":{"runAfter":{},"type":"Terminate","inputs":{"runStatus":"Failed","runError":{"message":"Secret did not match"}}}}},"expression":{"equals":["@triggerBody()?['Secret']","MySecret"]},"type":"If"},"Get_future_time":{"runAfter":{"Current_time":["Succeeded"]},"type":"Expression","kind":"GetFutureTime","inputs":{"interval":"@triggerBody()?['Duration']","timeUnit":"Minute"}}},"description":"This flow is triggered web request with two variables, duration and secret. Secret is used to make sure you have the proper access to run the flow and duration is the length of your focus time. then it reschedules an existing 'Focus time' calendar event in your calendar to match the date and time you have set which is now and the duration of minutes from now"},"connectionReferences":{"shared_office365":{"connectionName":"shared-office365-c8488553-1ec5-48d0-90b2-a42e76a14d0a","source":"Embedded","id":"/providers/Microsoft.PowerApps/apis/shared_office365","tier":"NotSpecified"}},"flowFailureAlertSubscribed":false}}