{"name":"32506a1e-82f1-45ac-8e35-e56eee0ac70e","id":"/providers/Microsoft.Flow/flows/32506a1e-82f1-45ac-8e35-e56eee0ac70e","type":"Microsoft.Flow/flows","properties":{"apiId":"/providers/Microsoft.PowerApps/apis/shared_logicflows","displayName":"Send Teams message to To-Do","definition":{"metadata":{"workflowEntityId":null,"flowclientsuspensionreason":"None","flowclientsuspensiontime":null,"creator":{"id":"91fce838-9a8a-4758-a68a-3fde9568f1b6","type":"User","tenantId":"d99c3e0a-5a04-4bda-95a1-da0c24b731ee"},"provisioningMethod":"FromDefinition","failureAlertSubscription":true,"clientLastModifiedTime":"2020-10-04T12:36:21.3499821Z"},"$schema":"https://schema.management.azure.com/providers/Microsoft.Logic/schemas/2016-06-01/workflowdefinition.json#","contentVersion":"1.0.0.0","parameters":{"$connections":{"defaultValue":{},"type":"Object"},"$authentication":{"defaultValue":{},"type":"SecureObject"}},"triggers":{"manual":{"splitOn":"@triggerBody()['rows']","metadata":{"flowSystemMetadata":{"swaggerOperationId":"ForASelectedMessage","inputsAdaptiveCard":"{}"}},"type":"Request","kind":"ApiConnection","inputs":{"schema":{"type":"object","properties":{"rows":{"type":"array","items":{"type":"object","properties":{"entity":{"type":"object","properties":{"teamsFlowRunContext":{"type":"object","properties":{"messagePayload":{"type":"object","properties":{"from":{"type":"object","properties":{"user":{"type":"object","properties":{"displayName":{"title":"Sender User Display Name","type":"string"}},"required":[]}},"required":[]},"subject":{"title":"Message Subject","type":"string"},"body":{"type":"object","properties":{"content":{"title":"Message Content","type":"string"},"plainText":{"title":"Plain Text Message Content","type":"string"}},"required":[]},"linkToMessage":{"title":"Link to Message","type":"string"}},"required":[]}}}},"required":["teamsFlowRunContext"]}},"required":["entity"]}}},"required":["rows"]},"host":{"connection":{"name":"@parameters('$connections')['shared_teams']['connectionId']"},"api":{"runtimeUrl":"https://flow-apim-europe-001-francecentral-01.azure-apim.net/apim/teams"}},"operationId":"ForASelectedMessage","parameters":{"inputsAdaptiveCard":"{}"}}}},"actions":{"List_all_to-do_lists":{"runAfter":{"Initialize_variable":["Succeeded"]},"type":"OpenApiConnection","inputs":{"host":{"apiId":"/providers/Microsoft.PowerApps/apis/shared_todo","connectionName":"shared_todo","operationId":"GetAllTodoLists"},"parameters":{},"authentication":{"value":"@json(decodeBase64(triggerOutputs().headers['X-MS-APIM-Tokens']))['$ConnectionKey']","type":"Raw"}}},"Apply_to_each":{"foreach":"@outputs('List_all_to-do_lists')?['body']","actions":{"Condition_2":{"actions":{"Add_a_to-do_(V2)":{"runAfter":{},"type":"OpenApiConnection","inputs":{"host":{"apiId":"/providers/Microsoft.PowerApps/apis/shared_todo","connectionName":"shared_todo","operationId":"CreateToDoV2"},"parameters":{"body/Subject":"Teams task from @{triggerBody()?['entity']?['teamsFlowRunContext']?['messagePayload']?['from']?['user']?['displayName']}: @{variables('Body')}","folderId":"@items('Apply_to_each')?['id']","body/Body/Content":"<p>@{triggerBody()?['entity']?['teamsFlowRunContext']?['messagePayload']?['from']?['user']?['displayName']}<br>\n@{triggerBody()?['entity']?['teamsFlowRunContext']?['messagePayload']?['subject']}<br>\n@{triggerBody()?['entity']?['teamsFlowRunContext']?['messagePayload']?['body']?['content']}<br>\n\n<a href=\"@{triggerBody()?['entity']?['teamsFlowRunContext']?['messagePayload']?['linkToMessage']}\"> Link to message </a></p>"},"authentication":{"value":"@json(decodeBase64(triggerOutputs().headers['X-MS-APIM-Tokens']))['$ConnectionKey']","type":"Raw"}}}},"runAfter":{},"expression":{"equals":["@items('Apply_to_each')?['isDefaultFolder']",true]},"type":"If"}},"runAfter":{"List_all_to-do_lists":["Succeeded"]},"type":"Foreach"},"Html_to_text":{"runAfter":{},"type":"OpenApiConnection","inputs":{"host":{"apiId":"/providers/Microsoft.PowerApps/apis/shared_conversionservice","connectionName":"shared_conversionservice","operationId":"HtmlToText"},"parameters":{"Content":"<p>@{triggerBody()?['entity']?['teamsFlowRunContext']?['messagePayload']?['body']?['plainText']}</p>"},"authentication":{"value":"@json(decodeBase64(triggerOutputs().headers['X-MS-APIM-Tokens']))['$ConnectionKey']","type":"Raw"}}},"Initialize_variable":{"runAfter":{"Compose":["Succeeded"]},"type":"InitializeVariable","inputs":{"variables":[{"name":"Body","type":"string","value":"@{substring(outputs('Html_to_text')?['body'],0,outputs('Compose'))}"}]}},"Compose":{"runAfter":{"Html_to_text":["Succeeded"]},"type":"Compose","inputs":"@if(lessOrEquals(length(outputs('Html_to_text')?['body']),150),length(outputs('Html_to_text')?['body']),150)"}}},"connectionReferences":{"shared_teams":{"connectionName":"shared-teams-ac3614f8-f3ce-4455-9145-96ca75cf962d","source":"Invoker","id":"/providers/Microsoft.PowerApps/apis/shared_teams","tier":"NotSpecified"},"shared_todo":{"connectionName":"shared-todo-7ff0252f-59c2-4bd6-848f-f152bbecc50d","source":"Invoker","id":"/providers/Microsoft.PowerApps/apis/shared_todo","tier":"NotSpecified"},"shared_conversionservice":{"connectionName":"shared-conversionser-971c0fe1-968f-4b12-bb35-c440a0810f3e","source":"Invoker","id":"/providers/Microsoft.PowerApps/apis/shared_conversionservice","tier":"NotSpecified"}},"flowFailureAlertSubscribed":false}}