{"name":"f5b1d83a-f325-4fdc-8e5e-1c2472050205","id":"/providers/Microsoft.Flow/flows/f5b1d83a-f325-4fdc-8e5e-1c2472050205","type":"Microsoft.Flow/flows","properties":{"apiId":"/providers/Microsoft.PowerApps/apis/shared_logicflows","displayName":"Universal Pomodoro Focus time","definition":{"metadata":{"workflowEntityId":null,"flowclientsuspensionreason":"None","flowclientsuspensiontime":null,"creator":{"id":"91fce838-9a8a-4758-a68a-3fde9568f1b6","type":"User","tenantId":"d99c3e0a-5a04-4bda-95a1-da0c24b731ee"},"provisioningMethod":"FromDefinition","failureAlertSubscription":true,"clientLastModifiedTime":"2020-10-06T20:04:13.230096Z"},"$schema":"https://schema.management.azure.com/providers/Microsoft.Logic/schemas/2016-06-01/workflowdefinition.json#","contentVersion":"1.0.0.0","parameters":{"$connections":{"defaultValue":{},"type":"Object"},"$authentication":{"defaultValue":{},"type":"SecureObject"}},"triggers":{"When_a_new_to-do_is_created":{"recurrence":{"frequency":"Minute","interval":1},"splitOn":"@triggerOutputs()?['body']","type":"OpenApiConnection","inputs":{"host":{"apiId":"/providers/Microsoft.PowerApps/apis/shared_todo","connectionName":"shared_todo","operationId":"OnNewToDo"},"parameters":{},"authentication":"@parameters('$authentication')"}}},"actions":{"Get_calendars_(V2)":{"runAfter":{"Validating_ToDo_Subject":["Succeeded"]},"type":"OpenApiConnection","inputs":{"host":{"apiId":"/providers/Microsoft.PowerApps/apis/shared_office365","connectionName":"shared_office365","operationId":"CalendarGetTables_V2"},"parameters":{},"authentication":"@parameters('$authentication')"}},"IFTTTIntegration":{"runAfter":{"ConvertTicksToMinutes":["Succeeded"]},"type":"InitializeVariable","inputs":{"variables":[{"name":"IFTTT Notification Enabled 0 or 1","type":"integer","value":1}]},"description":"The IFTTT integration can mute your phone during the Pomodoro sprint, 0 will not run IFTTT integration, 1 will run it, read more at the end of the flow"},"GetCreatedTimeOfToDo":{"runAfter":{"Get_calendars_(V2)":["Succeeded"]},"type":"InitializeVariable","inputs":{"variables":[{"name":"GetCreatedTimeOfToDo","type":"string","value":"@triggerOutputs()?['body/createdDateTime']"}]},"description":"Get the actual created time of the ToDo, so that calendar will be updated with the actual time you started and not when the flow runs, because there may be a delay before flow starts"},"GetEndTimeOfPomodoro":{"runAfter":{"GetCreatedTimeOfToDoRemoveZ":["Succeeded"]},"type":"InitializeVariable","inputs":{"variables":[{"name":"GetEndTimeOfPomodoro","type":"string","value":"@{addMinutes(variables('GetCreatedTimeOfToDo'),int(triggerOutputs()?['body/subject']))}"}]},"description":"Gets the actual end time of the Pomodor based on the created date and the subject"},"Apply_to_each":{"foreach":"@outputs('Get_calendars_(V2)')?['body/value']","actions":{"Compose":{"runAfter":{},"type":"Compose","inputs":"@items('Apply_to_each')"},"Condition":{"actions":{"Get_events_(V4)":{"runAfter":{},"type":"OpenApiConnection","inputs":{"host":{"apiId":"/providers/Microsoft.PowerApps/apis/shared_office365","connectionName":"shared_office365","operationId":"V4CalendarGetItems"},"parameters":{"table":"@items('Apply_to_each')?['id']","$filter":"importance eq 'low'","$orderby":"start/dateTime desc"},"authentication":"@parameters('$authentication')"},"description":"Getting all calendar events with importance low, ordered with the latest event first. A requirement is that you have enabled MyAnalytics at least once, to get the importance low, category green Focus time calendar event"},"Apply_to_each_4":{"foreach":"@outputs('Get_events_(V4)')?['body/value']","actions":{"Apply_to_each_5":{"foreach":"@items('Apply_to_each_4')?['categories']","actions":{"Condition_2":{"actions":{"Condition_3":{"actions":{"Condition_4":{"actions":{},"runAfter":{},"else":{"actions":{"Send_me_a_mobile_notification":{"runAfter":{},"type":"OpenApiConnection","inputs":{"host":{"apiId":"/providers/Microsoft.PowerApps/apis/shared_flowpush","connectionName":"shared_flowpush","operationId":"SendNotification"},"parameters":{"NotificationDefinition/notificationText":"Mute"},"authentication":"@parameters('$authentication')"},"description":"Sends a notification called Mute to the Flow mobile app. This is what your IFTTT mute phone applet should trigger on"},"Delay":{"runAfter":{"Send_me_a_mobile_notification":["Succeeded"]},"type":"Wait","inputs":{"interval":{"count":"@variables('ConvertTicksToSeconds')","unit":"Second"}},"description":"Counts down the duration of the Pomodoro, Since the trigger may be up to 3 minutes delayed, the delay will be the time since the To Do was created"},"Send_me_a_mobile_notification_2":{"runAfter":{"Delay":["Succeeded"]},"type":"OpenApiConnection","inputs":{"host":{"apiId":"/providers/Microsoft.PowerApps/apis/shared_flowpush","connectionName":"shared_flowpush","operationId":"SendNotification"},"parameters":{"NotificationDefinition/notificationText":"UnMute"},"authentication":"@parameters('$authentication')"},"description":"Sends a notification called UnMute to the Flow mobile app. This is what your IFTTT unmute phone applet should trigger on"}}},"expression":{"less":["@variables('ConvertTicksToSeconds')",60]},"type":"If","description":"Checking if the time since the flow got triggered is further in the future than the end time of the Pomodoro run. If it is, we will not send mobile notification"}},"runAfter":{"Update_event_(V4)":["Succeeded"]},"expression":{"equals":["@variables('IFTTT Notification Enabled 0 or 1')",1]},"type":"If","description":"If you defined IFTTT trigger to enabled (1) it will send notification. If set to disabled (0), the flow will exit"},"Decrement_variable":{"runAfter":{},"type":"DecrementVariable","inputs":{"name":"CountOfRuns","value":1},"description":"Ticks the CountOfRuns variable to 0, since we are running the update event"},"Create_event_(V4)":{"runAfter":{"Decrement_variable":["Succeeded"]},"type":"OpenApiConnection","inputs":{"host":{"apiId":"/providers/Microsoft.PowerApps/apis/shared_office365","connectionName":"shared_office365","operationId":"V4CalendarPostItem"},"parameters":{"table":"@items('Apply_to_each')?['id']","item/subject":"Old @{items('Apply_to_each_4')?['subject']}","item/start":"@items('Apply_to_each_4')?['start']","item/end":"@items('Apply_to_each_4')?['end']","item/timeZone":"@items('Apply_to_each_4')?['timeZone']","item/importance":"normal","item/isReminderOn":false,"item/showAs":"busy"},"authentication":"@parameters('$authentication')"},"description":"Creates a new calendar event with same date and time as the event being replaced, with the name old as prefix. Reminder is turned off, showing as busy and setting importance to normal"},"Update_event_(V4)":{"runAfter":{"Create_event_(V4)":["Succeeded"]},"type":"OpenApiConnection","inputs":{"host":{"apiId":"/providers/Microsoft.PowerApps/apis/shared_office365","connectionName":"shared_office365","operationId":"V4CalendarPatchItem"},"parameters":{"table":"@items('Apply_to_each')?['id']","id":"@items('Apply_to_each_4')?['id']","item/subject":"@items('Apply_to_each_4')?['subject']","item/start":"@variables('GetCreatedTimeOfToDoRemoveZ')","item/end":"@variables('GetEndTimeOfPomodoroRemoveZ')","item/timeZone":"@items('Apply_to_each_4')?['timeZone']","item/isReminderOn":false,"item/showAs":"busy"},"authentication":"@parameters('$authentication')"},"description":"Updating the latest Focusing time calendar event, using dates from when the To Do task was created. Reminder is turned off so you do not get a calendar notification for the updated event"}},"runAfter":{},"expression":{"and":[{"equals":["@items('Apply_to_each_5')","Green Category"]},{"equals":["@variables('CountOfRuns')",1]}]},"type":"If","description":"Finding the first event which is importance low and category green, assuming you do not have other calendar events with these criteria. Also checking if we already have run the update event"}},"runAfter":{},"type":"Foreach"}},"runAfter":{"Get_events_(V4)":["Succeeded"]},"type":"Foreach"}},"runAfter":{"Compose":["Succeeded"]},"expression":{"and":[{"equals":["@outputs('Compose')['isRemovable']",false]},{"equals":["@variables('CountOfRuns')",1]}]},"type":"If","description":"Finds your primary calendar, it is the only calendar which cannot be removed. We check if we already have updated an event, which ticks down to 0 if run"}},"runAfter":{"CountOfRuns":["Succeeded"]},"type":"Foreach"},"Validating_ToDo_Subject":{"actions":{},"runAfter":{"Set_IsInteger":["Succeeded"]},"else":{"actions":{"Terminate":{"runAfter":{},"type":"Terminate","inputs":{"runStatus":"Succeeded"},"description":"Flow exits with success, the task triggering the flow was not a pomodoro task, since it did not have a number as subject"}}},"expression":{"equals":["@variables('IsInteger')",true]},"type":"If","description":"If ToDo subject is a number continue, else terminate the flow"},"CountOfRuns":{"runAfter":{"IFTTTIntegration":["Succeeded"]},"type":"InitializeVariable","inputs":{"variables":[{"name":"CountOfRuns","type":"integer","value":1}]},"description":"When getting existing Focus time calendar events, we get all events. Keeping this value to 1 makes sure we only run the update event once"},"Current_time":{"runAfter":{"GetEndTimeOfPomodoroRemoveZ":["Succeeded"]},"type":"Expression","kind":"CurrentTime","inputs":{}},"NumberOfTicks":{"runAfter":{"Current_time":["Succeeded"]},"type":"InitializeVariable","inputs":{"variables":[{"name":"NumberOfTicks","type":"string","value":"@{sub(ticks(variables('GetEndTimeOfPomodoro')),ticks(body('Current_time')))}"}]},"description":"Number of ticks since ToDo was created and flow began to run, calculated in expected end time. This is used for IFTTT timer in the end of the flow"},"ConvertTicksToSeconds":{"runAfter":{"NumberOfTicks":["Succeeded"]},"type":"InitializeVariable","inputs":{"variables":[{"name":"ConvertTicksToSeconds","type":"integer","value":"@div(int(variables('NumberOfTicks')),10000000)"}]}},"ConvertTicksToMinutes":{"runAfter":{"ConvertTicksToSeconds":["Succeeded"]},"type":"InitializeVariable","inputs":{"variables":[{"name":"ConvertTicksToMinutes","type":"integer","value":"@div(variables('ConvertTicksToSeconds'),60)"}]}},"GetCreatedTimeOfToDoRemoveZ":{"runAfter":{"GetCreatedTimeOfToDo":["Succeeded"]},"type":"InitializeVariable","inputs":{"variables":[{"name":"GetCreatedTimeOfToDoRemoveZ","type":"string","value":"@{substring(variables('GetCreatedTimeOfToDo'),0,sub(length(variables('GetCreatedTimeOfToDo')),1))}"}]}},"GetEndTimeOfPomodoroRemoveZ":{"runAfter":{"GetEndTimeOfPomodoro":["Succeeded"]},"type":"InitializeVariable","inputs":{"variables":[{"name":"GetEndTimeOfPomodoroRemoveZ","type":"string","value":"@{substring(variables('GetEndTimeOfPomodoro'),0,sub(length(variables('GetEndTimeOfPomodoro')),1))}"}]}},"IsInteger":{"runAfter":{},"type":"InitializeVariable","inputs":{"variables":[{"name":"IsInteger","type":"boolean","value":true}]},"description":"Creating variable for checking subject of ToDo task"},"Trying_to_convert_ToDo_Task_subject_to_an_integer_(number)":{"runAfter":{"IsInteger":["Succeeded"]},"type":"Compose","inputs":"@int(triggerOutputs()?['body/subject'])"},"Set_IsInteger":{"runAfter":{"Trying_to_convert_ToDo_Task_subject_to_an_integer_(number)":["Failed"]},"type":"SetVariable","inputs":{"name":"IsInteger","value":false},"description":"Setting IsInteger variable to false if the conversion to integer fails, which means the task had text and was not inteded to be a Pomodoro sprint"}}},"connectionReferences":{"shared_office365":{"connectionName":"shared-office365-c8488553-1ec5-48d0-90b2-a42e76a14d0a","source":"Embedded","id":"/providers/Microsoft.PowerApps/apis/shared_office365","tier":"NotSpecified"},"shared_flowpush":{"connectionName":"shared-flowpush-26e16f82-e84d-422a-ab46-1b7fa043c76d","source":"Embedded","id":"/providers/Microsoft.PowerApps/apis/shared_flowpush","tier":"NotSpecified"},"shared_todo":{"connectionName":"shared-todo-7ff0252f-59c2-4bd6-848f-f152bbecc50d","source":"Embedded","id":"/providers/Microsoft.PowerApps/apis/shared_todo","tier":"NotSpecified"}},"flowFailureAlertSubscribed":false}}