{"name":"f7c60c55-6456-4cda-b74d-771f1b9a9b1b","id":"/providers/Microsoft.Flow/flows/f7c60c55-6456-4cda-b74d-771f1b9a9b1b","type":"Microsoft.Flow/flows","properties":{"apiId":"/providers/Microsoft.PowerApps/apis/shared_logicflows","displayName":"Universal Pomodoro Focus time 2024 edition","definition":{"metadata":{"workflowEntityId":null,"processAdvisorMetadata":null,"flowChargedByPaygo":null,"flowclientsuspensionreason":"AlwaysFailingDetected","flowclientsuspensiontime":"2025-01-21T02:19:02.4210364Z","flowclientsuspensionreasondetails":"Your flow has failed consistently for 14 days. We disabled it on 6/1/2024 9:44:14 PM.","creator":{"id":"91fce838-9a8a-4758-a68a-3fde9568f1b6","type":"User","tenantId":"d99c3e0a-5a04-4bda-95a1-da0c24b731ee"},"provisioningMethod":"FromDefinition","failureAlertSubscription":true,"clientLastModifiedTime":"2024-06-17T07:44:41.9545771Z","connectionKeySavedTimeKey":"2025-01-21T02:19:02.4210364Z"},"$schema":"https://schema.management.azure.com/providers/Microsoft.Logic/schemas/2016-06-01/workflowdefinition.json#","contentVersion":"1.0.0.0","parameters":{"$authentication":{"defaultValue":{},"type":"SecureObject"},"$connections":{"defaultValue":{},"type":"Object"}},"triggers":{"When_a_new_to-do_in_a_specific_folder_is_created_(V2)":{"recurrence":{"frequency":"Minute","interval":1},"splitOn":"@triggerOutputs()?['body']","type":"OpenApiConnection","inputs":{"parameters":{"folderId":"AQMkADFmMzcyY2MAZC0zZTRiLTQ1ZTgtOTgyOC1lZQEzZDYxMmZkY2IALgAAA7x4oP2IX_dDiwbqDshxPHwBAIcuSUKz2D1Fm5bpwl3SFN0AAAIBEgAAAA=="},"host":{"apiId":"/providers/Microsoft.PowerApps/apis/shared_todo","connectionName":"shared_todo","operationId":"OnNewToDoInFolderV2"},"authentication":"@parameters('$authentication')"}}},"actions":{"Get_calendars_(V2)":{"runAfter":{"Trying_to_convert_ToDo_Task_subject_to_an_integer_(number)":["Succeeded"]},"metadata":{"operationMetadataId":"0a5d817a-1799-4203-9000-1e9a8685d5ad"},"type":"OpenApiConnection","inputs":{"host":{"apiId":"/providers/Microsoft.PowerApps/apis/shared_office365","connectionName":"shared_office365","operationId":"CalendarGetTables_V2"},"authentication":"@parameters('$authentication')"}},"GetCreatedTimeOfToDo":{"runAfter":{"Get_calendars_(V2)":["Succeeded"]},"metadata":{"operationMetadataId":"ab7b7c5c-71aa-4881-9b3b-95b940aa5f26"},"type":"InitializeVariable","inputs":{"variables":[{"name":"GetCreatedTimeOfToDo","type":"string","value":"@triggerOutputs()?['body/createdDateTime']"}]},"description":"Get the actual created time of the ToDo, so that calendar will be updated with the actual time you started and not when the flow runs, because there may be a delay before flow starts"},"GetEndTimeOfPomodoro":{"runAfter":{"GetCreatedTimeOfToDoRemoveZ":["Succeeded"]},"metadata":{"operationMetadataId":"679b8f19-91cf-4f61-a6a3-6eb20eb9c533"},"type":"InitializeVariable","inputs":{"variables":[{"name":"GetEndTimeOfPomodoro","type":"string","value":"@{addMinutes(variables('GetCreatedTimeOfToDo'),int(triggerOutputs()?['body/title']))}"}]},"description":"Gets the actual end time of the Pomodor based on the created date and the subject"},"Apply_to_each":{"foreach":"@outputs('Get_calendars_(V2)')?['body/value']","actions":{"Compose":{"metadata":{"operationMetadataId":"514c093f-6ab6-4145-b6ab-ecf26a160cfa"},"type":"Compose","inputs":"@items('Apply_to_each')"},"Condition":{"actions":{"Get_events_(V4)":{"metadata":{"operationMetadataId":"4641de21-5366-4866-af0d-3fc38509dfa1"},"type":"OpenApiConnection","inputs":{"parameters":{"table":"@items('Apply_to_each')?['id']","$filter":"importance eq 'low'","$orderby":"start/dateTime asc"},"host":{"apiId":"/providers/Microsoft.PowerApps/apis/shared_office365","connectionName":"shared_office365-2","operationId":"V4CalendarGetItems"},"authentication":"@parameters('$authentication')"},"description":"Getting all calendar events with importance low, ordered with the latest event first. A requirement is that you have enabled MyAnalytics at least once, to get the importance low, category green Focus time calendar event"},"Apply_to_each_4":{"foreach":"@outputs('Get_events_(V4)')?['body/value']","actions":{"Apply_to_each_5":{"foreach":"@items('Apply_to_each_4')?['categories']","actions":{"Condition_2":{"actions":{"Decrement_variable":{"metadata":{"operationMetadataId":"0682013d-a507-4db2-8ff5-4aeee4588197"},"type":"DecrementVariable","inputs":{"name":"CountOfRuns","value":2},"description":"Ticks the CountOfRuns variable to 0, since we are running the update event"},"Create_event_(V4)":{"runAfter":{"Decrement_variable":["Succeeded"]},"metadata":{"operationMetadataId":"f29e0508-7e1e-4750-8e46-dc271e738d31"},"type":"OpenApiConnection","inputs":{"parameters":{"table":"@items('Apply_to_each')?['id']","item/subject":"Old @{items('Apply_to_each_4')?['subject']}","item/start":"@items('Apply_to_each_4')?['start']","item/end":"@items('Apply_to_each_4')?['end']","item/timeZone":"@items('Apply_to_each_4')?['timeZone']","item/importance":"normal","item/isReminderOn":false,"item/showAs":"busy"},"host":{"apiId":"/providers/Microsoft.PowerApps/apis/shared_office365","connectionName":"shared_office365","operationId":"V4CalendarPostItem"},"authentication":"@parameters('$authentication')"},"description":"Creates a new calendar event with same date and time as the event being replaced, with the name old as prefix. Reminder is turned off, showing as busy and setting importance to normal"},"Update_event_(V4)":{"runAfter":{"Create_event_(V4)":["Succeeded"]},"metadata":{"operationMetadataId":"a67ae5f6-e988-4592-b0d5-f2dfee8746c4"},"type":"OpenApiConnection","inputs":{"parameters":{"table":"@items('Apply_to_each')?['id']","id":"@items('Apply_to_each_4')?['id']","item/subject":"@items('Apply_to_each_4')?['subject']","item/start":"@variables('GetCreatedTimeOfToDoRemoveZ')","item/end":"@variables('GetEndTimeOfPomodoroRemoveZ')","item/timeZone":"@items('Apply_to_each_4')?['timeZone']","item/isReminderOn":false,"item/showAs":"busy"},"host":{"apiId":"/providers/Microsoft.PowerApps/apis/shared_office365","connectionName":"shared_office365","operationId":"V4CalendarPatchItem"},"authentication":"@parameters('$authentication')"},"description":"Updating the latest Focusing time calendar event, using dates from when the To Do task was created. Reminder is turned off so you do not get a calendar notification for the updated event"}},"else":{"actions":{}},"expression":{"and":[{"equals":["@items('Apply_to_each_5')","Green Category"]},{"equals":["@variables('CountOfRuns')",1]}]},"metadata":{"operationMetadataId":"ae7b6ca7-16da-479f-a7b7-50f285ca9e3c"},"type":"If","description":"Finding the first event which is importance low and category green, assuming you do not have other calendar events with these criteria. Also checking if we already have run the update event"}},"metadata":{"operationMetadataId":"0b7ff8e0-282c-41b8-bc25-3d97abe81601"},"type":"Foreach"}},"runAfter":{"Get_events_(V4)":["Succeeded"]},"metadata":{"operationMetadataId":"e5d1d928-9df5-432e-a682-3bdb585e3d60"},"type":"Foreach"}},"runAfter":{"Compose":["Succeeded"]},"else":{"actions":{}},"expression":{"and":[{"equals":["@outputs('Compose')['isRemovable']",false]},{"equals":["@variables('CountOfRuns')",1]}]},"metadata":{"operationMetadataId":"20a1b8eb-18e9-49ec-bb4d-b4ed5486266d"},"type":"If","description":"Finds your primary calendar, it is the only calendar which cannot be removed. We check if we already have updated an event, which ticks down to 0 if run"}},"runAfter":{"CountOfRuns":["Succeeded"]},"metadata":{"operationMetadataId":"521d61f0-f92e-4b2a-810c-f35fbfe7ee28"},"type":"Foreach"},"CountOfRuns":{"runAfter":{"ConvertTicksToMinutes":["Succeeded"]},"metadata":{"operationMetadataId":"a9e376f0-0a27-4ac4-9aa7-8c1d388dcf1c"},"type":"InitializeVariable","inputs":{"variables":[{"name":"CountOfRuns","type":"integer","value":1}]},"description":"When getting existing Focus time calendar events, we get all events. Keeping this value to 1 makes sure we only run the update event once"},"Current_time":{"runAfter":{"GetEndTimeOfPomodoroRemoveZ":["Succeeded"]},"metadata":{"operationMetadataId":"18de0158-74a0-4aa1-9d74-0172c9fea679"},"type":"Expression","kind":"CurrentTime","inputs":{}},"NumberOfTicks":{"runAfter":{"Current_time":["Succeeded"]},"metadata":{"operationMetadataId":"4fd9c3e0-1bfd-46ce-80aa-2ea6c324b4d9"},"type":"InitializeVariable","inputs":{"variables":[{"name":"NumberOfTicks","type":"string","value":"@{sub(ticks(variables('GetEndTimeOfPomodoro')),ticks(body('Current_time')))}"}]},"description":"Number of ticks since ToDo was created and flow began to run, calculated in expected end time. This is used for IFTTT timer in the end of the flow"},"ConvertTicksToSeconds":{"runAfter":{"NumberOfTicks":["Succeeded"]},"metadata":{"operationMetadataId":"bba8424d-fbb3-4541-b5e0-99f29fa71874"},"type":"InitializeVariable","inputs":{"variables":[{"name":"ConvertTicksToSeconds","type":"integer","value":"@div(int(variables('NumberOfTicks')),10000000)"}]},"description":"Number of ticks since ToDo was created and flow began to run, calculated in expected end time. This is used for IFTTT timer in the end of the flow"},"ConvertTicksToMinutes":{"runAfter":{"ConvertTicksToSeconds":["Succeeded"]},"metadata":{"operationMetadataId":"d5b57f3f-55cf-4a75-a15e-5bc41b787881"},"type":"InitializeVariable","inputs":{"variables":[{"name":"ConvertTicksToMinutes","type":"integer","value":"@div(variables('ConvertTicksToSeconds'),60)"}]},"description":"Number of ticks since ToDo was created and flow began to run, calculated in expected end time. This is used for IFTTT timer in the end of the flow"},"GetCreatedTimeOfToDoRemoveZ":{"runAfter":{"GetCreatedTimeOfToDo":["Succeeded"]},"metadata":{"operationMetadataId":"8958c3f8-befb-4d1a-9434-40b6215e2310"},"type":"InitializeVariable","inputs":{"variables":[{"name":"GetCreatedTimeOfToDoRemoveZ","type":"string","value":"@{substring(variables('GetCreatedTimeOfToDo'),0,sub(length(variables('GetCreatedTimeOfToDo')),1))}"}]}},"GetEndTimeOfPomodoroRemoveZ":{"runAfter":{"GetEndTimeOfPomodoro":["Succeeded"]},"metadata":{"operationMetadataId":"48a7a857-dd90-401d-b116-41ba5e161b6d"},"type":"InitializeVariable","inputs":{"variables":[{"name":"GetEndTimeOfPomodoroRemoveZ","type":"string","value":"@{substring(variables('GetEndTimeOfPomodoro'),0,sub(length(variables('GetEndTimeOfPomodoro')),1))}"}]}},"Trying_to_convert_ToDo_Task_subject_to_an_integer_(number)":{"runAfter":{},"metadata":{"operationMetadataId":"4a8cfb3f-abf1-4597-99a8-b8b2dcaed5ba"},"type":"Compose","inputs":"@int(triggerOutputs()?['body/title'])"},"Terminate":{"runAfter":{"Trying_to_convert_ToDo_Task_subject_to_an_integer_(number)":["Failed"]},"metadata":{"operationMetadataId":"2eacf0f1-d4ea-4cc3-9f4f-5340df428cbb"},"type":"Terminate","inputs":{"runStatus":"Succeeded"},"description":"Flow exits with success, the task triggering the flow was not a pomodoro task, since it did not have a number as subject"}}},"connectionReferences":{"shared_todo":{"connectionName":"shared-todo-7ff0252f-59c2-4bd6-848f-f152bbecc50d","source":"Embedded","id":"/providers/Microsoft.PowerApps/apis/shared_todo","tier":"NotSpecified","apiName":"todo"},"shared_office365":{"connectionName":"shared-office365-cb85cad8-fc61-4e70-90b9-a138906fe9f2","source":"Embedded","id":"/providers/Microsoft.PowerApps/apis/shared_office365","tier":"NotSpecified","apiName":"office365"},"shared_office365-2":{"connectionName":"shared-office365-c8488553-1ec5-48d0-90b2-a42e76a14d0a","source":"Embedded","id":"/providers/Microsoft.PowerApps/apis/shared_office365","tier":"NotSpecified","apiName":"office365"}},"flowFailureAlertSubscribed":false,"isManaged":false}}