{"name":"6b94a9e6-3cf2-4124-95d1-ede5931f8420","id":"/providers/Microsoft.Flow/flows/6b94a9e6-3cf2-4124-95d1-ede5931f8420","type":"Microsoft.Flow/flows","properties":{"apiId":"/providers/Microsoft.PowerApps/apis/shared_logicflows","displayName":"RescheduleFocusTimeCalendarEvent","definition":{"metadata":{"workflowEntityId":null,"creator":{"id":"91fce838-9a8a-4758-a68a-3fde9568f1b6","type":"User","tenantId":"d99c3e0a-5a04-4bda-95a1-da0c24b731ee"},"provisioningMethod":"FromDefinition","failureAlertSubscription":true,"clientLastModifiedTime":"2020-07-15T18:11:50.7292556Z"},"$schema":"https://schema.management.azure.com/providers/Microsoft.Logic/schemas/2016-06-01/workflowdefinition.json#","contentVersion":"1.0.0.0","parameters":{"$connections":{"defaultValue":{},"type":"Object"},"$authentication":{"defaultValue":{},"type":"SecureObject"}},"triggers":{"manual":{"type":"Request","kind":"Http","inputs":{"schema":{"type":"object","properties":{"Duration":{"type":"integer"},"Secret":{"type":"string"}},"$schema":"http://json-schema.org/draft-04/schema#"},"method":"POST"}}},"actions":{"Condition":{"actions":{"Get_events_(V4)":{"runAfter":{},"metadata":{"flowSystemMetadata":{"swaggerOperationId":"V4CalendarGetItems"}},"type":"ApiConnection","inputs":{"host":{"connection":{"name":"@parameters('$connections')['shared_office365']['connectionId']"},"api":{"runtimeUrl":"https://flow-apim-europe-001-westeurope-01.azure-apim.net/apim/office365"}},"method":"get","path":"/datasets/calendars/v4/tables/@{encodeURIComponent(encodeURIComponent('AQMkADFmMzcyY2MAZC0zZTRiLTQ1ZTgtOTgyOC1lZQEzZDYxMmZkY2IARgAAA7x4oP2IX_dDiwbqDshxPHwHAIcuSUKz2D1Fm5bpwl3SFN0AAAIBBgAAAIcuSUKz2D1Fm5bpwl3SFN0AAAIknwAAAA=='))}/items","queries":{"$filter":"Subject eq 'Focus time'","$top":1},"authentication":"@parameters('$authentication')"}},"Current_time":{"runAfter":{"Get_events_(V4)":["Succeeded"]},"type":"Expression","kind":"CurrentTime","inputs":{}},"Get_future_time":{"runAfter":{"Current_time":["Succeeded"]},"type":"Expression","kind":"GetFutureTime","inputs":{"interval":"@triggerBody()?['Duration']","timeUnit":"Minute"}},"Apply_to_each":{"foreach":"@body('Get_events_(V4)')?['value']","actions":{"Update_event_(V4)":{"runAfter":{},"metadata":{"flowSystemMetadata":{"swaggerOperationId":"V4CalendarPatchItem"}},"type":"ApiConnection","inputs":{"host":{"connection":{"name":"@parameters('$connections')['shared_office365']['connectionId']"},"api":{"runtimeUrl":"https://flow-apim-europe-001-westeurope-01.azure-apim.net/apim/office365"}},"method":"patch","body":{"subject":"@items('Apply_to_each')?['subject']","start":"@body('Current_time')","end":"@body('Get_future_time')","timeZone":"(UTC+01:00) Amsterdam, Berlin, Bern, Rome, Stockholm, Vienna"},"path":"/datasets/calendars/v4/tables/@{encodeURIComponent(encodeURIComponent('AQMkADFmMzcyY2MAZC0zZTRiLTQ1ZTgtOTgyOC1lZQEzZDYxMmZkY2IARgAAA7x4oP2IX_dDiwbqDshxPHwHAIcuSUKz2D1Fm5bpwl3SFN0AAAIBBgAAAIcuSUKz2D1Fm5bpwl3SFN0AAAIknwAAAA=='))}/items/@{encodeURIComponent(encodeURIComponent(items('Apply_to_each')?['id']))}","authentication":"@parameters('$authentication')"}}},"runAfter":{"Get_future_time":["Succeeded"]},"type":"Foreach"}},"runAfter":{},"else":{"actions":{"Terminate":{"runAfter":{},"type":"Terminate","inputs":{"runStatus":"Failed","runError":{"message":"Secret did not match"}}}}},"expression":{"equals":["@triggerBody()?['Secret']","MySecret"]},"type":"If"}},"outputs":{},"description":"This flow is triggered web request with two variables, duration and secret. Secret is used to make sure you have the proper access to run the flow and duration is the length of your focus time.\n\nthen it reschedules an existing 'Focus time' calendar event in your calendar to match the date and time you have set which is now and the duration of minutes from now"},"connectionReferences":{"shared_office365":{"connectionName":"shared-office365-c8488553-1ec5-48d0-90b2-a42e76a14d0a","source":"Embedded","id":"/providers/Microsoft.PowerApps/apis/shared_office365","tier":"NotSpecified"}},"flowFailureAlertSubscribed":false}}